title,link,published_date,author,summary,categories,guid,media_url
Aemetis Biogas Receives CARB Approval for Seven RNG Pathways,https://www.globenewswire.com/news-release/2025/06/27/3106529/0/en/Aemetis-Biogas-Receives-CARB-Approval-for-Seven-RNG-Pathways.html,2025-06-27 12:00:00,,Aemetis Biogas Receives CARB Approval for Seven RNG Pathways,"Nasdaq:AMTX, US00770K2024, Product / Services Announcement",https://www.globenewswire.com/news-release/2025/06/27/3106529/0/en/Aemetis-Biogas-Receives-CARB-Approval-for-Seven-RNG-Pathways.html,
"Sky Quarry to Outline Growth Strategy, Refinery Ramp-Up, and National Rollout in June 26 Investor Webinar",https://www.globenewswire.com/news-release/2025/06/19/3102383/0/en/Sky-Quarry-to-Outline-Growth-Strategy-Refinery-Ramp-Up-and-National-Rollout-in-June-26-Investor-Webinar.html,2025-06-19 16:48:00,,"WOODS CROSS, Utah, June  19, 2025  (GLOBE NEWSWIRE) -- Sky Quarry Inc. (NASDAQ: SKYQ) (""Sky Quarry"" or ""the Company""), an integrated energy solutions company committed to revolutionizing the waste asphalt shingle recycling industry, today announced that it will host a live investor webinar on Thursday, June 26 at 11:00 a.m. PDT / 2:00 p.m. EDT.","Nasdaq:SKYQ, US83087C2044, Product / Services Announcement",https://www.globenewswire.com/news-release/2025/06/19/3102383/0/en/Sky-Quarry-to-Outline-Growth-Strategy-Refinery-Ramp-Up-and-National-Rollout-in-June-26-Investor-Webinar.html,
TMD Energy Limited Enters into Strategic Memorandum of Agreement to Advance Green Bioenergy Collaboration,https://www.globenewswire.com/news-release/2025/06/18/3101265/0/en/TMD-Energy-Limited-Enters-into-Strategic-Memorandum-of-Agreement-to-Advance-Green-Bioenergy-Collaboration.html,2025-06-18 10:00:00,,"KUALA LUMPUR, MALAYSIA, June  18, 2025  (GLOBE NEWSWIRE) -- TMD Energy Limited (the “Company” or “TMDEL”) (NYSE American: TMDE), together with its subsidiaries is a Malaysia and Singapore based services provider engaged in integrated bunkering services which involves ship-to-ship transfer of marine fuels, ship management services and vessel chartering services, today announced the Company has entered into a Memorandum of Agreement (“MOA”) with bioenergy firm Double Corporate Sdn Bhd (“Double Corporate”) to explore a strategic collaboration for the EU and Asia market.","NYSE:TMDE, KYG889531078, Press releases",https://www.globenewswire.com/news-release/2025/06/18/3101265/0/en/TMD-Energy-Limited-Enters-into-Strategic-Memorandum-of-Agreement-to-Advance-Green-Bioenergy-Collaboration.html,
Sky Quarry Applies for Recycling Permit to Launch Integrated Energy Facility in Utah,https://www.globenewswire.com/news-release/2025/06/12/3098355/0/en/Sky-Quarry-Applies-for-Recycling-Permit-to-Launch-Integrated-Energy-Facility-in-Utah.html,2025-06-12 12:45:00,,“Unlocking New Commercial Pathways and Expanding Revenue-Generating Operations” “Unlocking New Commercial Pathways and Expanding Revenue-Generating Operations”,"Nasdaq:SKYQ, US83087C2044, Product / Services Announcement",https://www.globenewswire.com/news-release/2025/06/12/3098355/0/en/Sky-Quarry-Applies-for-Recycling-Permit-to-Launch-Integrated-Energy-Facility-in-Utah.html,
"Aemetis CEO Meets with White House, Congress, and Agencies Regarding Support for Domestic Energy and Rural Communities in Budget Bill",https://www.globenewswire.com/news-release/2025/06/12/3098279/0/en/Aemetis-CEO-Meets-with-White-House-Congress-and-Agencies-Regarding-Support-for-Domestic-Energy-and-Rural-Communities-in-Budget-Bill.html,2025-06-12 12:00:00,,"Aemetis CEO Meets with White House, Congress and Agencies Regarding Support for Domestic Energy and Rural Communities in Budget Bill","Nasdaq:AMTX, US00770K2024, Calendar of Events, Management statements",https://www.globenewswire.com/news-release/2025/06/12/3098279/0/en/Aemetis-CEO-Meets-with-White-House-Congress-and-Agencies-Regarding-Support-for-Domestic-Energy-and-Rural-Communities-in-Budget-Bill.html,
Global Bioenergies cherche un repreneur,https://www.globenewswire.com/news-release/2025/06/03/3093020/0/fr/Global-Bioenergies-cherche-un-repreneur.html,2025-06-03 15:40:00,,COMMUNIQUE DE PRESSE,"Paris:ALGBE, FR0011052257, Other News, European Regulatory News",https://www.globenewswire.com/news-release/2025/06/03/3093020/0/fr/Global-Bioenergies-cherche-un-repreneur.html,
Global Bioenergies is looking for a buyer,https://www.globenewswire.com/news-release/2025/06/03/3093020/0/en/Global-Bioenergies-is-looking-for-a-buyer.html,2025-06-03 15:40:00,,PRESS RELEASE,"Paris:ALGBE, FR0011052257, Other News, European Regulatory News",https://www.globenewswire.com/news-release/2025/06/03/3093020/0/en/Global-Bioenergies-is-looking-for-a-buyer.html,
"Sustain SoCal to Host 12th Annual Driving Mobility Symposium on June 26, 2025",https://www.globenewswire.com/news-release/2025/06/03/3092885/0/en/Sustain-SoCal-to-Host-12th-Annual-Driving-Mobility-Symposium-on-June-26-2025.html,2025-06-03 13:35:00,,Premier Event Focused on the Evolving Trends in Mobility and Advanced Transportation in Southern California and beyond Premier Event Focused on the Evolving Trends in Mobility and Advanced Transportation in Southern California and beyond,Calendar of Events,https://www.globenewswire.com/news-release/2025/06/03/3092885/0/en/Sustain-SoCal-to-Host-12th-Annual-Driving-Mobility-Symposium-on-June-26-2025.html,
First U.S. Machine to Turn Air into Gasoline Debuts in NYC,https://www.globenewswire.com/news-release/2025/05/22/3086732/0/en/First-U-S-Machine-to-Turn-Air-into-Gasoline-Debuts-in-NYC.html,2025-05-22 13:13:00,,"Aircela unveils the first U.S. machine that turns air into drop-in gasoline—compact, modular, and compatible with today’s engines.",Product / Services Announcement,https://www.globenewswire.com/news-release/2025/05/22/3086732/0/en/First-U-S-Machine-to-Turn-Air-into-Gasoline-Debuts-in-NYC.html,https://ml.globenewswire.com/Resource/Download/3163b335-5441-48f8-9883-3c61dc8a3219
Sky Quarry Announces Strategic Growth Plan to Achieve Full Production Capacity at its Foreland Refinery,https://www.globenewswire.com/news-release/2025/05/22/3086608/0/en/Sky-Quarry-Announces-Strategic-Growth-Plan-to-Achieve-Full-Production-Capacity-at-its-Foreland-Refinery.html,2025-05-22 12:45:00,,"“Scalable roadmap sets stage for up to 800,000 barrels annually through steady operations and targeted investments”","Nasdaq:SKYQ, US83087C2044, Management statements",https://www.globenewswire.com/news-release/2025/05/22/3086608/0/en/Sky-Quarry-Announces-Strategic-Growth-Plan-to-Achieve-Full-Production-Capacity-at-its-Foreland-Refinery.html,
TMD Energy Limited Announces Strategic Expansion into Oil Waste Collection as Core ESG Initiative,https://www.globenewswire.com/news-release/2025/05/21/3085897/0/en/TMD-Energy-Limited-Announces-Strategic-Expansion-into-Oil-Waste-Collection-as-Core-ESG-Initiative.html,2025-05-21 14:10:00,,"KUALA LUMPUR, MALAYSIA, May  21, 2025  (GLOBE NEWSWIRE) -- TMD Energy Limited (the “Company” or “TMDEL”) (NYSE American: TMDE), together with its subsidiaries is a Malaysia and Singapore based services provider engaged in integrated bunkering services which involves ship-to-ship transfer of marine fuels, ship management services and vessel chartering services, today announced a strategic expansion into oil waste collection, marking a significant enhancement of its Environmental, Social, and Governance (ESG) commitments. This initiative aims to collect sludge oil and used cooking oil and sell to third-party partners for processing into biodiesel, which also helps diversify the Company’s revenue streams.","NYSE:TMDE, KYG889531078, Press releases",https://www.globenewswire.com/news-release/2025/05/21/3085897/0/en/TMD-Energy-Limited-Announces-Strategic-Expansion-into-Oil-Waste-Collection-as-Core-ESG-Initiative.html,
Assemblée générale du 15 mai 2025,https://www.globenewswire.com/news-release/2025/05/16/3082819/0/fr/Assembl%C3%A9e-g%C3%A9n%C3%A9rale-du-15-mai-2025.html,2025-05-16 05:30:00,,COMMUNIQUE DE PRESSE,"Paris:ALGBE, FR0011052257, Other News, European Regulatory News",https://www.globenewswire.com/news-release/2025/05/16/3082819/0/fr/Assembl%C3%A9e-g%C3%A9n%C3%A9rale-du-15-mai-2025.html,
General Meeting of 15 May 2025,https://www.globenewswire.com/news-release/2025/05/16/3082819/0/en/General-Meeting-of-15-May-2025.html,2025-05-16 05:30:00,,PRESS RELEASE,"Paris:ALGBE, FR0011052257, Other News, European Regulatory News",https://www.globenewswire.com/news-release/2025/05/16/3082819/0/en/General-Meeting-of-15-May-2025.html,
Sky Quarry Reports First Quarter 2025 Financial Results,https://www.globenewswire.com/news-release/2025/05/15/3082763/0/en/Sky-Quarry-Reports-First-Quarter-2025-Financial-Results.html,2025-05-15 22:33:00,,"WOODS CROSS, Utah, May  15, 2025  (GLOBE NEWSWIRE) -- Sky Quarry Inc. (NASDAQ: SKYQ) (""Sky Quarry"" or ""the Company""), an integrated energy solutions company committed to revolutionizing the waste asphalt shingle recycling industry, today announced its financial and operational results for the three months ended March 31, 2025.","Nasdaq:SKYQ, US83087C2044, Earnings Releases and Operating Results",https://www.globenewswire.com/news-release/2025/05/15/3082763/0/en/Sky-Quarry-Reports-First-Quarter-2025-Financial-Results.html,
Aircela Unveils Machine That Turns Air into Fossil-Free Gasoline,https://www.globenewswire.com/news-release/2025/05/15/3082353/0/en/Aircela-Unveils-Machine-That-Turns-Air-into-Fossil-Free-Gasoline.html,2025-05-15 14:06:00,,"Aircela unveils a machine that makes fossil-free gasoline from air, water, and renewable electricity—drop-in fuel, compatible with any gas engine.",Product / Services Announcement,https://www.globenewswire.com/news-release/2025/05/15/3082353/0/en/Aircela-Unveils-Machine-That-Turns-Air-into-Fossil-Free-Gasoline.html,https://ml.globenewswire.com/Resource/Download/d8a4f0ce-4b55-4a3e-b2a2-a9425a5e1f5a
"Sustain SoCal to Host Agriculture, Food Systems and Waste Stream Innovations event on May 15",https://www.globenewswire.com/news-release/2025/05/14/3081263/0/en/Sustain-SoCal-to-Host-Agriculture-Food-Systems-and-Waste-Stream-Innovations-event-on-May-15.html,2025-05-14 13:35:00,,"Expert speakers and thought leaders to deliver insights into the future of agricultural technology, soil health, responsible grocery and restaurant business practices, packaging innovations, sustainable waste management and much more Expert speakers and thought leaders to deliver insights into the future of agricultural technology, soil health, responsible grocery and restaurant business practices, packaging innovations, sustainable waste management and much more",Calendar of Events,https://www.globenewswire.com/news-release/2025/05/14/3081263/0/en/Sustain-SoCal-to-Host-Agriculture-Food-Systems-and-Waste-Stream-Innovations-event-on-May-15.html,
Aemetis Biogas Signs $27 Million Agreement with Centuri to Build Gas Cleanup Systems for 15 Dairy Digesters,https://www.globenewswire.com/news-release/2025/05/13/3080047/0/en/Aemetis-Biogas-Signs-27-Million-Agreement-with-Centuri-to-Build-Gas-Cleanup-Systems-for-15-Dairy-Digesters.html,2025-05-13 12:00:00,,Aemetis Biogas Signs $27 Million Agreement with Centuri to Build Gas Cleanup Systems for 15 Dairy Digesters,"Nasdaq:AMTX, US00770K2024, Business Contracts",https://www.globenewswire.com/news-release/2025/05/13/3080047/0/en/Aemetis-Biogas-Signs-27-Million-Agreement-with-Centuri-to-Build-Gas-Cleanup-Systems-for-15-Dairy-Digesters.html,
Aemetis Reports First Quarter 2025 Financial Results,https://www.globenewswire.com/news-release/2025/05/08/3077222/0/en/Aemetis-Reports-First-Quarter-2025-Financial-Results.html,2025-05-08 12:00:00,,Aemetis Reports First Quarter 2025 Financial Results,"Nasdaq:AMTX, US00770K2024, Earnings Releases and Operating Results",https://www.globenewswire.com/news-release/2025/05/08/3077222/0/en/Aemetis-Reports-First-Quarter-2025-Financial-Results.html,
Sky Quarry Signs LOI with R & R Solutions to Explore Expansion of Southwest Operations and Accelerate Market Deployment,https://www.globenewswire.com/news-release/2025/05/08/3077145/0/en/Sky-Quarry-Signs-LOI-with-R-R-Solutions-to-Explore-Expansion-of-Southwest-Operations-and-Accelerate-Market-Deployment.html,2025-05-08 11:45:00,,“Creating an Attractive Entry Point to Advance Commercialization and Strengthen its National Scale-up Efforts.” “Creating an Attractive Entry Point to Advance Commercialization and Strengthen its National Scale-up Efforts.”,"Nasdaq:SKYQ, US83087C2044, Partnerships",https://www.globenewswire.com/news-release/2025/05/08/3077145/0/en/Sky-Quarry-Signs-LOI-with-R-R-Solutions-to-Explore-Expansion-of-Southwest-Operations-and-Accelerate-Market-Deployment.html,
"Aemetis to Review First Quarter 2025 Financial Results on May 8, 2025",https://www.globenewswire.com/news-release/2025/05/05/3074015/0/en/Aemetis-to-Review-First-Quarter-2025-Financial-Results-on-May-8-2025.html,2025-05-05 12:00:00,,"Aemetis to Review First Quarter 2025 Financial Results on May 8, 2025","Nasdaq:AMTX, US00770K2024, Earnings Releases and Operating Results, Conference Calls/ Webcasts",https://www.globenewswire.com/news-release/2025/05/05/3074015/0/en/Aemetis-to-Review-First-Quarter-2025-Financial-Results-on-May-8-2025.html,
