news_id,title,description,link,company,ticker,published_date,publisher,language,begin_price,end_price,index_begin_price,index_end_price,price_change,price_change_percentage,index_price_change,index_price_change_percentage,daily_alpha,actual_side,volume,market
15439,Annovis Bio Interview to Air on Bloomberg International on the RedChip Money Report,"BERWYN, Pa., Dec.  17, 2020  (GLOBE NEWSWIRE) -- Annovis Bio Inc. (NYSE American: ANVS), a clinical-stage drug platform company addressing Alzheimer’s disease (AD), Parkinson’s disease (PD) and other neurodegenerative diseases, today announced an interview with its CEO, Maria Maccecchini, Ph.D., will air on The RedChip Money Report television program. The RedChip Money Report airs in 100 million homes on Sundays at 6 p.m. local time in every country in Europe on Bloomberg International.",https://www.globenewswire.com/news-release/2020/12/17/2146815/0/en/Annovis-Bio-Interview-to-Air-on-Bloomberg-International-on-the-RedChip-Money-Report.html,Annovis Bio,ANVS,2020-12-17 06:45:00+00:00,globenewswire_biotech,en,5.949999809265137,5.949999809265137,370.1700134277344,371.94000244140625,0.0,0.0,1.769989013671875,0.478155698588864,-0.478155698588864,UP,158400.0,pre_market
15438,Annovis Bio to Present at the BIO CEO & Investor Digital Conference,"BERWYN, Pa., Feb.  16, 2021  (GLOBE NEWSWIRE) -- Annovis Bio Inc. (NYSE American: ANVS), a clinical-stage drug platform company addressing Alzheimer’s disease (AD), Parkinson’s disease (PD) and other neurodegenerative diseases, today announced that Maria Maccecchini, Ph.D., Founder and Chief Executive Officer, will present at the BIO CEO & Digital Conference, available online February 16-18, 2021. Annovis Bio’s presentation will be accessible on demand during the virtual event for all registered attendees.",https://www.globenewswire.com/news-release/2021/02/16/2175895/0/en/Annovis-Bio-to-Present-at-the-BIO-CEO-Investor-Digital-Conference.html,Annovis Bio,ANVS,2021-02-16 06:45:00+00:00,globenewswire_biotech,en,21.68000030517578,25.0,392.6400146484375,393.9599914550781,3.3199996948242188,15.313651513333317,1.319976806640625,0.33617989949967464,14.977471613833643,UP,327200.0,pre_market
16619,NexImmune Announces Research Collaboration with National Institute of Neurological Disorders and Stroke (NINDS) of the National Institutes of Health (NIH),The collaboration will explore EBV and HTLV-1 antigen-specific immune responses in immunological diseases The collaboration will explore EBV and HTLV-1 antigen-specific immune responses in immunological diseases,https://www.globenewswire.com/news-release/2022/10/06/2529360/0/en/NexImmune-Announces-Research-Collaboration-with-National-Institute-of-Neurological-Disorders-and-Stroke-NINDS-of-the-National-Institutes-of-Health-NIH.html,NexImmune,NEXI,2022-10-06 07:00:00+00:00,globenewswire_biotech,en,16.25,16.13249969482422,377.0899963378906,375.6199951171875,-0.11750030517578125,-0.7230788010817307,-1.470001220703125,-0.3898276896706466,-0.3332511114110841,DOWN,15284.0,pre_market
14658,Radiopharm Theranostics Initiates Process for Nasdaq Listing,Proposed listing on NASDAQ with RADX ticker symbolForm 20-F registration filed with Securities and Exchange CommissionTrading expected to commence late March 2023,https://www.globenewswire.com/news-release/2023/02/14/2607567/0/en/Radiopharm-Theranostics-Initiates-Process-for-Nasdaq-Listing.html,Radiopharm Theranostics,RAD.AX,2023-02-14 08:00:00+00:00,globenewswire_biotech,en,0.12278000265359879,0.12750199437141418,412.8299865722656,411.239990234375,0.004721991717815399,3.8458964129017255,-1.589996337890625,-0.3851455537647329,4.231041966666458,UP,1190893.0,pre_market
16616,NexImmune Announces Data Showing AIM ACT T cells Enhance the Response to Bispecific T cell Engager Therapy at the 2023 Tandem Meetings: Transplantation & Cellular Therapy Meetings of ASTCT and CIBMTR,"GAITHERSBURG, Md., Feb.  16, 2023  (GLOBE NEWSWIRE) -- NexImmune, Inc. (Nasdaq: NEXI), a biotechnology company developing a novel approach to immunotherapy designed to orchestrate a targeted immune response by directing the function of antigen-specific T cells, today announced that new positive, preclinical data will be presented in an abstract titled “Prior Antigen Exposure Enhances the T cell Response to Bispecific T cell Engager Therapy” at the 2023 Tandem Meetings: Transplantation & Cellular Therapy Meetings of ASTCT and CIBMTR, taking place on February 15-19, 2023 in Orlando, Florida.",https://www.globenewswire.com/news-release/2023/02/16/2609548/0/en/NexImmune-Announces-Data-Showing-AIM-ACT-T-cells-Enhance-the-Response-to-Bispecific-T-cell-Engager-Therapy-at-the-2023-Tandem-Meetings-Transplantation-Cellular-Therapy-Meetings-of-.html,NexImmune,NEXI,2023-02-16 07:00:00+00:00,globenewswire_biotech,en,10.25,18.25,413.9800109863281,408.7900085449219,8.0,78.04878048780488,-5.19000244140625,-1.2536843093077874,79.30246479711266,UP,2503539.0,pre_market
43580,Vir Biotechnology Announces Positive Final Draft Guidance on Sotrovimab from the UK’s National Institute for Health and Care Excellence (NICE),Final draft guidance based on cost effectiveness evaluation of sotrovimab Final draft guidance based on cost effectiveness evaluation of sotrovimab,https://www.globenewswire.com/news-release/2023/02/22/2613242/0/en/Vir-Biotechnology-Announces-Positive-Final-Draft-Guidance-on-Sotrovimab-from-the-UK-s-National-Institute-for-Health-and-Care-Excellence-NICE.html,Vir Biotechnology,VIR,2023-02-22 08:30:00+00:00,globenewswire_biotech,en,26.989999771118164,27.0,399.0899963378906,399.5199890136719,0.010000228881835938,0.03705160787936398,0.42999267578125,0.10774328590717056,-0.07069167802780657,UP,1110700.0,pre_market
14657,Dr Ken Herrmann Appointed to RAD Scientific Advisory Board,"SYDNEY, Australia, March  03, 2023  (GLOBE NEWSWIRE) -- Radiopharm Theranostics (ASX:RAD, “Radiopharm” or the “Company”), a developer of a world-class platform of radiopharmaceutical products for both diagnostic and therapeutic uses, is pleased to announce the appointment of Dr Ken Herrmann to the Company’s Scientific Advisory Board (SAB).",https://www.globenewswire.com/news-release/2023/03/03/2620158/0/en/Dr-Ken-Herrmann-Appointed-to-RAD-Scientific-Advisory-Board.html,Radiopharm Theranostics,RAD.AX,2023-03-03 07:30:00+00:00,globenewswire_biotech,en,0.12278000265359879,0.12278000265359879,397.80999755859375,399.7099914550781,0.0,0.0,1.899993896484375,0.47761341045847483,-0.47761341045847483,UP,75742.0,pre_market
14656,Radiopharm Theranostics Partners With Next Generation Preclinical Platform for Therapeutic Radiopharmaceuticals,"SYDNEY, Australia, March  03, 2023  (GLOBE NEWSWIRE) -- Radiopharm Theranostics (ASX:RAD, “Radiopharm” or the “Company”), a developer of radiopharmaceutical products for both diagnostic and therapeutic uses, is pleased to announce that through its wholly owned subsidiary, Radiopharm Theranostics (USA) Inc., it has entered into a binding agreement to acquire Pharma15 Corporation (Pharma15), a private US-based venture which is developing next-generation therapeutic radiopharmaceuticals for Prostate Cancer. Pharma15 was founded by leading radiopharmaceutical scientist Professor David Ulmert and CEO Suzanne Dance.",https://www.globenewswire.com/news-release/2023/03/03/2620252/0/en/Radiopharm-Theranostics-Partners-With-Next-Generation-Preclinical-Platform-for-Therapeutic-Radiopharmaceuticals.html,Radiopharm Theranostics,RAD.AX,2023-03-03 08:41:00+00:00,globenewswire_biotech,en,0.12278000265359879,0.12278000265359879,397.80999755859375,399.7099914550781,0.0,0.0,1.899993896484375,0.47761341045847483,-0.47761341045847483,UP,75742.0,pre_market
14655,Radiopharm Theranostics Invited to Participate in Jefferies Radiopharma Innovation Summit,"SYDNEY, Australia, March  28, 2023  (GLOBE NEWSWIRE) -- Radiopharm Theranostics (ASX:RAD, “Radiopharm” or the “Company”), a developer of radiopharmaceutical products for both diagnostic and therapeutic uses, is pleased to announce that the Company will participate in Jefferies Inaugural Radiopharma Innovation Summit being held in New York City on April 3rd, 2023. Riccardo Canevari, Chief Executive Officer and Managing Director of Radiopharm Theranostics, and Vittorio Puppo, Chief Operating Officer will be available for 1x1 meetings.",https://www.globenewswire.com/news-release/2023/03/28/2635541/0/en/Radiopharm-Theranostics-Invited-to-Participate-in-Jefferies-Radiopharma-Innovation-Summit.html,Radiopharm Theranostics,RAD.AX,2023-03-28 07:30:00+00:00,globenewswire_biotech,en,0.1652809977531433,0.16055800020694733,396.489990234375,395.7699890136719,-0.004722997546195984,-2.85755628922936,-0.720001220703125,-0.18159379516176805,-2.675962494067592,DOWN,138072.0,pre_market
14654,Radiopharm Theranostics Enters Into Supply Agreement with TerThera for Terbium-161 Isotope,"Agreement will supply Tb-161 for RAD 602, a potential first in class radiopharmaceutical for treatment of brain cancers Agreement will supply Tb-161 for RAD 602, a potential first in class radiopharmaceutical for treatment of brain cancers",https://www.globenewswire.com/news-release/2023/04/17/2647815/0/en/Radiopharm-Theranostics-Enters-Into-Supply-Agreement-with-TerThera-for-Terbium-161-Isotope.html,Radiopharm Theranostics,RAD.AX,2023-04-17 07:30:00+00:00,globenewswire_biotech,en,0.16055800020694733,0.16055800020694733,412.4599914550781,412.3699951171875,0.0,0.0,-0.089996337890625,-0.02181941030768476,0.02181941030768476,UP,453755.0,pre_market
15458,Adagene Presents Clinical Data for Anti-CTLA-4 SAFEbody® ADG126 Reinforcing Best-in-Class Safety Profile at Repeat Doses and Showing Early Efficacy Profile in Advanced/Metastatic Solid Tumors,"- Results of dose escalation portion from phase 1b/2 trials of ADG126 in combination with anti-PD-1 therapies, including confirmed clinical responses, pave way for dose expansion in specific tumors -",https://www.globenewswire.com/news-release/2023/04/18/2649190/0/en/Adagene-Presents-Clinical-Data-for-Anti-CTLA-4-SAFEbody-ADG126-Reinforcing-Best-in-Class-Safety-Profile-at-Repeat-Doses-and-Showing-Early-Efficacy-Profile-in-Advanced-Metastatic-So.html,Adagene,ADAG,2023-04-18 09:17:00+00:00,globenewswire_biotech,en,1.4500000476837158,1.5199999809265137,413.94000244140625,415.5799865722656,0.06999993324279785,4.827581444195009,1.639984130859375,0.3961888489121118,4.431392595282897,UP,7100.0,pre_market
15457,Adagene Announces Updates to its Board of Directors,"SAN DIEGO and SUZHOU, China, April  28, 2023  (GLOBE NEWSWIRE) -- Adagene Inc. (“Adagene”) (Nasdaq: ADAG), a platform-driven, clinical-stage biotechnology company transforming the discovery and development of novel antibody-based therapies today announced updates to its board of directors (the “Board”), including the following:",https://www.globenewswire.com/news-release/2023/04/28/2657314/0/en/Adagene-Announces-Updates-to-its-Board-of-Directors.html,Adagene,ADAG,2023-04-28 07:00:00+00:00,globenewswire_biotech,en,1.2899999618530273,1.2899999618530273,412.4100036621094,411.489990234375,0.0,0.0,-0.920013427734375,-0.22308222874441933,0.22308222874441933,UP,5900.0,pre_market
14629,Eloxx Pharmaceuticals Announces FDA Clearance to Begin Single Ascending Dose Study of ZKN-013,ZKN-013 is in development for potential treatment of recessive dystrophic and junctional epidermolysis bullosa (RDEB and JEB) and Familial Adenomatous Polyposis (FAP),https://www.globenewswire.com/news-release/2023/05/02/2659091/0/en/Eloxx-Pharmaceuticals-Announces-FDA-Clearance-to-Begin-Single-Ascending-Dose-Study-of-ZKN-013.html,Eloxx Pharmaceuticals,ELOX,2023-05-02 08:00:00+00:00,globenewswire_biotech,en,6.960000038146973,6.869999885559082,415.510009765625,414.7699890136719,-0.09000015258789062,-1.2931056335432467,-0.740020751953125,-0.17809938017390856,-1.1150062533693381,DOWN,33206.0,pre_market
14958,Vir Biotechnology Receives Expanded Support to Develop Its Novel T Cell Vaccine Platform with New $10 Million Grant for HIV Prevention,"– New grant from the Bill & Melinda Gates Foundation supports the Phase 1 development of VIR-1388, an investigational HIV T cell vaccine based on a novel vector –",https://www.globenewswire.com/news-release/2023/05/02/2659283/0/en/Vir-Biotechnology-Receives-Expanded-Support-to-Develop-Its-Novel-T-Cell-Vaccine-Platform-with-New-10-Million-Grant-for-HIV-Prevention.html,Vir Biotechnology,VIR,2023-05-02 09:00:00+00:00,globenewswire_biotech,en,25.15999984741211,25.010000228881836,415.510009765625,414.7699890136719,-0.14999961853027344,-0.596182907154119,-0.740020751953125,-0.17809938017390856,-0.41808352698021045,DOWN,868700.0,pre_market
16683,RAPT Therapeutics Announces the Appointment of Michael Listgarten as General Counsel,"SOUTH SAN FRANCISCO, Calif., May  03, 2023  (GLOBE NEWSWIRE) -- RAPT Therapeutics, Inc. (Nasdaq: RAPT), a clinical-stage, immunology-based therapeutics company focused on discovering, developing and commercializing oral small molecule therapies for patients with significant unmet needs in inflammatory diseases and oncology, today announced the appointment of Michael Listgarten as General Counsel.",https://www.globenewswire.com/news-release/2023/05/03/2660288/0/en/RAPT-Therapeutics-Announces-the-Appointment-of-Michael-Listgarten-as-General-Counsel.html,RAPT Therapeutics,RAPT,2023-05-03 08:00:00+00:00,globenewswire_biotech,en,140.55999755859375,143.0399932861328,410.8399963378906,411.3599853515625,2.4799957275390625,1.7643680781263908,0.519989013671875,0.1265672812547238,1.637800796871667,UP,37288.0,pre_market
15319,PCI Biotech - Notice of Annual General Meeting 2023,"Oslo, Norway 4 May 2023 - The annual general meeting of PCI Biotech Holding ASA will be held at the company’s office at Oslo Cancer Cluster Innovation Park, on 25 May 2023 at 10:00am (CEST).",https://www.globenewswire.com/news-release/2023/05/04/2661123/0/en/PCI-Biotech-Notice-of-Annual-General-Meeting-2023.html,PCI Biotech Holding,PCIB.OL,2023-05-04 04:04:00+00:00,globenewswire_biotech,en,2.0,2.0,408.0199890136719,406.92999267578125,0.0,0.0,-1.089996337890625,-0.2671428771236258,0.2671428771236258,UP,78625.0,pre_market
15456,Adagene Achieves $3 Million Milestone in Collaboration with Exelixis for Successful Nomination of Second SAFEbody® Novel Masked Antibody-Drug Conjugate,"SAN DIEGO and SUZHOU, China, May  04, 2023  (GLOBE NEWSWIRE) -- Adagene Inc. (“Adagene”) (Nasdaq: ADAG), a platform-driven, clinical-stage biotechnology company transforming the discovery and development of novel antibody-based therapies today announced achievement of a milestone in its ongoing collaboration with Exelixis for development of novel masked antibody-drug conjugate (ADC) candidates leveraging Adagene’s proprietary SAFEbody precision masking technology.",https://www.globenewswire.com/news-release/2023/05/04/2661611/0/en/Adagene-Achieves-3-Million-Milestone-in-Collaboration-with-Exelixis-for-Successful-Nomination-of-Second-SAFEbody-Novel-Masked-Antibody-Drug-Conjugate.html,Adagene,ADAG,2023-05-04 09:00:00+00:00,globenewswire_biotech,en,1.2999999523162842,1.2999999523162842,408.0199890136719,406.92999267578125,0.0,0.0,-1.089996337890625,-0.2671428771236258,0.2671428771236258,UP,5500.0,pre_market
15376,OpGen to Provide Business Update and Financial Results for the First Quarter 2023 on May 15th at 4:30 p.m. Eastern Time,"ROCKVILLE, Md., May  08, 2023  (GLOBE NEWSWIRE) -- OpGen, Inc. (NASDAQ: OPGN) (“OpGen” or “the Company”) announced today that the Company will provide a business update and report its first quarter 2023 financial results after the close of the U.S. financial markets on Monday, May, 15th, 2023. OpGen’s management team will host a live conference call and audio webcast at 4:30 p.m. Eastern Time to discuss the Company’s financial results and provide an update on business activities.",https://www.globenewswire.com/news-release/2023/05/08/2663183/35690/en/OpGen-to-Provide-Business-Update-and-Financial-Results-for-the-First-Quarter-2023-on-May-15th-at-4-30-p-m-Eastern-Time.html,OpGen,OPGN,2023-05-08 07:30:00+00:00,globenewswire_biotech,en,7.639999866485596,7.900000095367432,412.6300048828125,412.9700012207031,0.26000022888183594,3.4031444165644493,0.339996337890625,0.08239738600376006,3.3207470305606894,UP,10580.0,pre_market
14653,Radiopharm Theranostics Receives FDA Orphan Drug Designation for Trivehexin (RAD 301) in Pancreatic Cancer,"SYDNEY, Australia, May  09, 2023  (GLOBE NEWSWIRE) -- Radiopharm Theranostics (ASX:RAD, “Radiopharm” or the “Company”), a developer of a world-class platform of radiopharmaceutical products for both diagnostic and therapeutic uses, is pleased to announce that the US Food and Drug Administration (FDA) has granted Orphan Drug Designation to Ga68-Trivehexin (RAD 301) radiopharmaceutical technology for imaging of patients with pancreatic ductal adenocarcinoma (PDAC).",https://www.globenewswire.com/news-release/2023/05/09/2664296/0/en/Radiopharm-Theranostics-Receives-FDA-Orphan-Drug-Designation-for-Trivehexin-RAD-301-in-Pancreatic-Cancer.html,Radiopharm Theranostics,RAD.AX,2023-05-09 07:30:00+00:00,globenewswire_biotech,en,0.16055800020694733,0.1700029969215393,412.739990234375,411.1300048828125,0.00944499671459198,5.882607345892501,-1.6099853515625,-0.39007253710702167,6.2726798829995225,UP,269947.0,pre_market
15318,PCI Biotech: Invitation to Q1 2023 results presentation,"Oslo, Norway, 9 May 2023 - PCI Biotech (OSE: PCIB) invites to a webcast presentation of the company's Q1 2023 interim report on Friday 12 May 2023, 08:30am – 09:30am CEST (local time).",https://www.globenewswire.com/news-release/2023/05/09/2664612/0/en/PCI-Biotech-Invitation-to-Q1-2023-results-presentation.html,PCI Biotech Holding,PCIB.OL,2023-05-09 09:52:00+00:00,globenewswire_biotech,en,1.850000023841858,2.119999885559082,411.1300048828125,410.92999267578125,0.2699998617172241,14.594586931762349,-0.20001220703125,-0.048649382106825546,14.643236313869174,UP,242120.0,regular_market
16663,Celularity Announces Advisory Guidance From Tamer Group Regarding Anticipated 2023 Purchase Orders for Celularity Branded Halal-Certified Biomaterial Products,"FLORHAM PARK, N.J., May  10, 2023  (GLOBE NEWSWIRE) -- Celularity Inc. (Nasdaq: CELU) (Celularity), a biotechnology company developing placental-derived allogeneic cell therapies and biomaterial products, today announced that it has been advised by Farouk, Maamoun Tamer & Co. (Tamer Group), the exclusive distributor for Celularity's branded Halal-Certified biomaterial products in the Kingdom of Saudi Arabia, that it expects to submit purchase orders through the end of 2023 in the range of $60 million to $80 million.",https://www.globenewswire.com/news-release/2023/05/10/2665590/0/en/Celularity-Announces-Advisory-Guidance-From-Tamer-Group-Regarding-Anticipated-2023-Purchase-Orders-for-Celularity-Branded-Halal-Certified-Biomaterial-Products.html,Celularity,CELU,2023-05-10 09:00:00+00:00,globenewswire_biotech,en,4.230000019073486,4.449999809265137,410.92999267578125,413.8800048828125,0.2199997901916504,5.200940643017723,2.95001220703125,0.7178868078774608,4.483053835140262,UP,47550.0,pre_market
16682,RAPT Therapeutics Reports First Quarter 2023 Financial Results,Company maintains strong cash position of $231.6 million Company maintains strong cash position of $231.6 million,https://www.globenewswire.com/news-release/2023/05/11/2666661/0/en/RAPT-Therapeutics-Reports-First-Quarter-2023-Financial-Results.html,RAPT Therapeutics,RAPT,2023-05-11 08:00:00+00:00,globenewswire_biotech,en,157.27999877929688,156.0,412.8500061035156,411.95001220703125,-1.279998779296875,-0.8138344285550466,-0.899993896484375,-0.21799536954801832,-0.5958390590070283,DOWN,45925.0,pre_market
14955,"Vir Biotechnology Announces First Patient Dosed in New Phase 2 Chronic Hepatitis B Virus Trial Evaluating Combinations of VIR-2218, VIR-3434, PEG-IFNα and an NRTI",– STRIVE is the first Phase 2 sub-protocol trial initiated under Vir’s new PREVAIL platform trial investigating the Company’s novel therapies in two chronic hepatitis B virus patient populations – ,https://www.globenewswire.com/news-release/2023/05/11/2666740/0/en/Vir-Biotechnology-Announces-First-Patient-Dosed-in-New-Phase-2-Chronic-Hepatitis-B-Virus-Trial-Evaluating-Combinations-of-VIR-2218-VIR-3434-PEG-IFN%CE%B1-and-an-NRTI.html,Vir Biotechnology,VIR,2023-05-11 08:30:00+00:00,globenewswire_biotech,en,24.440000534057617,24.260000228881836,412.8500061035156,411.95001220703125,-0.18000030517578125,-0.7364987775877799,-0.899993896484375,-0.21799536954801832,-0.5185034080397616,DOWN,861200.0,pre_market
15317,PCI Biotech interim Q1 2023 results,"Oslo (Norway), 12 May 2023 – PCI Biotech (OSE: PCIB), today announces its interim Q1 2023 results. Please find enclosed the report and presentation.",https://www.globenewswire.com/news-release/2023/05/12/2667502/0/en/PCI-Biotech-interim-Q1-2023-results.html,PCI Biotech Holding,PCIB.OL,2023-05-12 01:00:00+00:00,globenewswire_biotech,en,1.9559999704360962,2.059999942779541,412.1300048828125,413.4200134277344,0.10399997234344482,5.316972081561827,1.290008544921875,0.31301010109387295,5.003961980467954,UP,49444.0,pre_market
14954,"Vir Biotechnology Appoints Jeff Calcagno, M.D., as Executive Vice President and Chief Business Officer","SAN FRANCISCO, May  15, 2023  (GLOBE NEWSWIRE) -- Vir Biotechnology, Inc. (Nasdaq: VIR) today announced the appointment of Jeff Calcagno, M.D., as Executive Vice President and Chief Business Officer. Dr. Calcagno will be responsible for leading the Company’s business development efforts, optimizing existing alliances and establishing new strategic industry and public-private partnerships. He reports to Vir’s Chief Executive Officer Marianne De Backer, M.Sc., Ph.D., MBA, and joins Vir’s executive management team.",https://www.globenewswire.com/news-release/2023/05/15/2668713/0/en/Vir-Biotechnology-Appoints-Jeff-Calcagno-M-D-as-Executive-Vice-President-and-Chief-Business-Officer.html,Vir Biotechnology,VIR,2023-05-15 08:00:00+00:00,globenewswire_biotech,en,24.690000534057617,24.739999771118164,411.5899963378906,412.2200012207031,0.049999237060546875,0.202508043657502,0.6300048828125,0.1530661309599235,0.0494419126975785,UP,1254900.0,pre_market
16661,"Celularity Announces $45 Million Purchase Order,  First Middle East Private Label Agreement For  Celularity’s Halal-Certified Biomaterial Products","FLORHAM PARK, N.J., May  23, 2023  (GLOBE NEWSWIRE) -- Celularity Inc. (Nasdaq: CELU) (Celularity), a biotechnology company developing placental-derived allogeneic cell therapies and biomaterial products, today announced that it has received a $45 million purchase order for Celularity private label Halal-Certified biomaterial products from Jamjoom Medical Store (Jamjoom). Dr. Walid Swelim will serve as marketing manager for promotion and distribution of the products. This marks the first purchase order received by Celularity under its recently announced expansion into the Middle East market, as part of Celularity’s global market strategy.",https://www.globenewswire.com/news-release/2023/05/23/2674277/0/en/Celularity-Announces-45-Million-Purchase-Order-First-Middle-East-Private-Label-Agreement-For-Celularity-s-Halal-Certified-Biomaterial-Products.html,Celularity,CELU,2023-05-23 08:10:00+00:00,globenewswire_biotech,en,6.75,7.0,418.7900085449219,417.0799865722656,0.25,3.7037037037037033,-1.71002197265625,-0.40832444369857096,4.112028147402274,UP,171930.0,pre_market
15316,Disclosure of voting rights for Chairman of the Board,"Oslo, 24 May 2023. PCI Biotech Holding ASA (""PCI Biotech"" or the ""Company"") issue this notification on behalf of its chairman, Hans Peter Bøhn.",https://www.globenewswire.com/news-release/2023/05/24/2674970/0/en/Disclosure-of-voting-rights-for-Chairman-of-the-Board.html,PCI Biotech Holding,PCIB.OL,2023-05-24 04:43:00+00:00,globenewswire_biotech,en,1.899999976158142,1.9780000448226929,414.0899963378906,412.4200134277344,0.07800006866455078,4.105266823332772,-1.66998291015625,-0.4032898463921286,4.508556669724901,UP,47466.0,pre_market
14627,Eloxx Pharmaceuticals Intends to Advance ELX-02 into Pivotal Trial for the Treatment of Alport Syndrome with Nonsense Mutations Following Achievement of Remission in Patient in Phase 2 Study,"Patient treated in trial achieved a remission after eight weeks of treatment, demonstrating a significant reduction in proteinuria",https://www.globenewswire.com/news-release/2023/05/24/2675190/0/en/Eloxx-Pharmaceuticals-Intends-to-Advance-ELX-02-into-Pivotal-Trial-for-the-Treatment-of-Alport-Syndrome-with-Nonsense-Mutations-Following-Achievement-of-Remission-in-Patient-in-Pha.html,Eloxx Pharmaceuticals,ELOX,2023-05-24 08:00:00+00:00,globenewswire_biotech,en,8.59000015258789,8.289999961853027,414.0899963378906,412.4200134277344,-0.3000001907348633,-3.492435220091153,-1.66998291015625,-0.4032898463921286,-3.089145373699024,DOWN,117992.0,pre_market
15315,Minutes from Annual General Meeting 2023,"Oslo, 25 May 2023. The Annual General Meeting in PCI Biotech Holding ASA took place today, 25 May 2023.",https://www.globenewswire.com/news-release/2023/05/25/2675891/0/en/Minutes-from-Annual-General-Meeting-2023.html,PCI Biotech Holding,PCIB.OL,2023-05-25 05:38:00+00:00,globenewswire_biotech,en,1.899999976158142,1.8600000143051147,411.0899963378906,414.739990234375,-0.039999961853027344,-2.1052611765768803,3.649993896484375,0.8878819550462389,-2.9931431316231194,DOWN,20487.0,pre_market
